name,genre,spotifyId
Sports,,4AGNJdJiVltImYk1UTLE0K
Ozonezzz,,3D4ZyZNY4vP7YHF9CtWQzZ
Parcels,indie soul,3oKRxpszQKUjjaHz388fVA
despejado,latin indie,4kTfrhAyBXPkQDze0FXKyZ
Niall Horan,,1Hsdzj7Dlq2I7tHP7501T4
Bauti Mascia,cumbia,4cV73y9UlkKTCIWbuP2hbG
Kungs,,7keGfmQR4X5w0two1xKZ7d
Xuxa,lullaby,4DOlsUBpxw706SXx05Xoi2
The Reytons,,3RHoFGKe6KE3LLml7ujPKJ
Rod Stewart,soft rock,2y8Jo9CKhJvtfeKOsYzRdT
Chico De Neón,,4vllv4d7oHuS7Nhert1cf2
La T y La M,cumbia,1FxPMQ9A0882eNDx3ZkD6B
Plan B,reggaeton,2jSGzJw0ebJLu7OLVSOcBP
Laza Bossa,bossa nova,2We4jc3vE6qvySVXKR1XgF
Fatboy Slim,big beat,4Y7tXHSEejGu1vQ9bwDdXW
Daniel Andrés,,3osQVuvWyX0Cxs0XTrB96q
Shakira,latin pop,0EmeFodog0BfCgMzAIvKQp
American Authors,,0MlOPi3zIDMVrfA9R04Fe3
Wheatus,,4mYFgEjpQT4IKOrjOUKyXu
Molotov,rock en español,27Owkm4TGlMqb0BqaEt3PW
Leo Maslíah,candombe,1V91O7M7AAOZxWnTRDlJy7
Jet,,5ypxebeHEIXjMtJb17uJlI
CeeLo Green,,5nLYd9ST4Cnwy6NHaCxbj8
Bossa Bros,bossa nova,5jd0MgoI9F3hxcQHBPEk6V
Boza,reggaeton,2NfSBtmWe7oPw1EmetJVso
Lukas Graham,dansk pop,25u4wHJWxCA9vO0CzxAbK7
Zak Downtown,,2qcAIycColPoLfaz16NvbI
Relaxing Noises,,3uMJsDLenRrP1soBlu3YKq
El Cuarteto De Nos,cuarteto,13JJKrUewC1CJYmIDXQNoH
Tom Odell,,2txHhyCwHjUEpJjWrEyqyX
Manu Chao,latin alternative,6wH6iStAh4KIaWfuhf0NYM
Lilly Wood and The Prick,french indie pop,50OApTJurDusIo9dGTqSU4
Beck,anti-folk,3vbKDsSS70ZX9D2OcvbZmS
De La Rivera,latin alternative,4U48zETkokPB76fnXQiO2b
La Franela,argentine rock,5P57GCRyvU7ln5GwNXU8ku
Vicentico,argentine rock,25THA9HUHoxpCT4LBp7UsZ
BROODS,,5r5Va4lVQ1zjEfbJSrmCsS
Rawayana,reggae en español,2AbQwU2cuEGfD465wCXlg2
LCD Soundsystem,alternative dance,066X20Nz7iquqkkCW6Jxy6
Radiohead,art rock,4Z8W4fKeB5YxbusRsdQVPb
Sky Travis,,5IkHDfUNRiqyATjgbDHuGy
WALK THE MOON,,6DIS6PRrLS3wbnZsf7vYic
Charly García,argentine rock,3jO7X5KupvwmWTHGtHgcgo
TX Phoenix,,7eRjokfkxztzC4Cp41EPz6
Daft Punk,french house,4tZwfgrHOc3mvqYlEYSvVi
Bakar,,3K2Srho6NCF3o9MswGR76H
Ben Platt,musicals,6qGkLCMQkNGOJ079iEcC5k
Young Cister,chilean trap,0Yg29FX1M4ayqjXs0ttZFq
Young the Giant,,4j56EQDQu5XnL7R3E9iFJT
Bob Marley & The Wailers,reggae,2QsynagSdAqZj3U9HgDzjD
Declan McKenna,,2D4FOOOtWycb3Aw9nY5n3c
Yusuf / Cat Stevens,folk rock,08F3Y3SctIlsOEmKd6dnH8
Coldplay,,4gzpq5DPGxSnKTe4SA8HAU
Nylana,,0xlINdzWCaaz7cIzrUDhfW
BAMBI,,0nDw7H8W4oU0QPzL4LC9Aj
Tom Grennan,,5SHxzwjek1Pipl1Yk11UHv
The Whitest Boy Alive,,1qcU8NabUQ5efQf8UGW6CV
Celia Cruz,salsa,2weA6hhVqTIN2gSn9PUB9U
XANDDY HARMONIA,axé,3VZXmYrB3MxMfTZKIVZA1J
José Octavio I,latin indie,379umh6o5MFHzFNbk5btZw
overpass,,2y3PEaAgTdxYfbyeSXORv8
Tears For Fears,new wave,4bthk9UfsYUYdcFyqxmSUU
Zimmer90,,7cViIoKAQrjHURdxb9ACCX
Cumulus Clouds,,5uhJr7gBXHomu0djGtzIgT
Kameleba,reggae en español,2oSUm3Sv4yNsTLaYuROuST
Silvestre y La Naranja,latin indie,1hE5imhaIrCEKoHLHW9aCO
Papanegro,funk rock,3YIlnLkPcxVni4w8FGWJnm
Noise Sucre,,0VaiZ9oyrhoCIqIzyVJdgq
Steve Lacy,,57vWImR43h4CaDao012Ofp
The Royston Club,,5N5jf98OOEf3uAIJpi1deD
Hannah Montana,,7nU4hB040gTmHm45YYMvqc
Moby,downtempo,3OsRAKCvk37zwYcnzRf5XF
New Order,new wave,0yNLKJebCb8Aueb54LYya3
Dread Mar I,reggae en español,1aw0Cdl1DIrtUrUA6fGbAR
Winyah,,4iyP4VOGOLzbt2Vxcyu6zG
Robbie Williams,,2HcwFjNelS49kFbfvMxQYw
Cocoon,french indie pop,15h5B5quwDm2C1rhbtvUPD
Skylar Grey,,4utLUGcTvOJFr6aqIJtYWV
junodream,,4jPWi4cSe5zK2dUCLWiBaN
Intoxicados,argentine rock,4VgvR7eu3k2T20mo6mXhXF
Super Flumina,mexican indie,39jtNDeklwMnrUYx8M7SgK
Lionel Richie,motown,3gMaNLQm7D9MornNILzdSl
Virus,latin rock,0G7A5LzQAs2egiQl7hO5tV
Wallows,indie,0NIPkIjTV8mB795yEIiPYL
ROSE BEAT,,47SxJ59gTjhzswBGMkwWfz
KT Tunstall,,5zzrJD2jXrE9dZ1AklRFcL
Katy Perry,pop,6jJ0s89eD6GaHleKKya26X
Charlie Puth,soft pop,6VuMaDnrHyPL1p4EHjYLi7
a-ha,new wave,2jzc5TC5TVFLXQlBNiIUzE
ZAYN,,5ZsFI1h6hIdQRw2ti0hz81
Bloc Party,indie rock,3MM8mtgFzaEJsqbjZBSsHJ
Karen Souza,bossa nova,2d5lQo9YQ1DkAsBKTRp7Iu
Audioslave,grunge,2ziB7fzrXBoh1HUPS6sVFn
Avril Lavigne,,0p4nmQO2msCgU4IF37Wi3j
Daniela Mercury,axé,2krrkKvM52JgvfGu2Uewbg
Los Caballeros De La Quema,argentine rock,6Iv9dXeKX45ff7qe0LDuFW
Benjamín Amadeo,,6GYXfifD78PYARjZzxQzrG
Duki,argentine trap,1bAftSH8umNcGZ0uyV7LMg
WOS,argentine trap,5YCc6xS5Gpj3EkaYGdjyNK
Bryant Myers,trap latino,6w9ToX5slZ4uIdmD17hJ3c
Janaína,bossa nova,6XhfIDQSH8F4gfr189EL9q
The Virgins,,6RNuLHIAlLt1FQHm03oEru
MEMESVICES,,3j3gK5fx8dfcYzpC6MuwQl
Los Abuelos De La Nada,argentine rock,5R3NywPPOyhLfdvutgg0me
Inner Circle,reggae,5os0Ltvz8Q8BvXOPOd1frx
Vampire Weekend,indie,5BvJzeQpmsdsFp4HGUYUEx
Koino Yokan,,31kgZWvoPhxDcTKgVbgi3J
Bandalos Chinos,latin indie,0wn2qDKzeFlhjRUtJAwJjp
TV Girl,,0Y6dVaC9DZtPNH4591M42W
Kid Bloom,,5CXdWANGwYYRPClH6hhC0P
LeetStreet Boys,,5t1WXpwXhmO2JoGchjSYH5
Mc_team,,3MJrefxSroHCVFRnck3EFm
Neon Trees,,0RpddSzUHfncUWNJXKOsjy
C. Tangana,,5TYxZTjIPqKM8K8NuP9woO
Plain White T's,,1g1yxsNVPhMUl9GrMjEb2o
Shaggy,reggae,5EvFsr3kj42KNv97ZEnqij
Eze Gruber,,3AKE5y1ax9MXWXvb63DRnH
Frank Ocean,,2h93pZq0e7k5yf4dywlkpM
Coolio,west coast hip hop,3y24n3XhZ96wgwRXjvS17T
PREVIA Y CACHENGUE 2K24,rkt,23mWph3jTabzOkROilYBYK
4*TOWN (From Disney and Pixar’s Turning Red),,7jLpPyJ5gQxCvwiBsUfFu6
W Sound,,5uwa6tAMMfNbBFIHiI6NV4
L'Impératrice,french indie pop,4PwlsrN0t5mLN0C827cbEU
Phillip Phillips,folk pop,6p5JxpTc7USNnBnLzctyd4
Braulio Sauce,mexican indie,5xbovcvBXyYGcB9jnChhax
Luck Ra,cuarteto,4kcQWQDK0u9AftVSpdrAgk
Evlay,argentine trap,2JsDK87cAxuUlz4L4izU7A
Braga Boys,axé,4I3PGf3JIZjpBOtxg3ijKX
Goodboys,,2nm38smINjms1LtczR0Cei
Airbag,argentine rock,1wKDGglKV4FsFS85r2Dmpr
Soledad,folklore argentino,0K59Fm1y7s3j498ueS4qzY
Gustavo Cerati,argentine rock,1QOmebWGB6FdFtW7Bo3F0W
Mura Masa,,5Q81rlcTFh3k6DQJXPdsot
NONONO,,513t0jZUP0K98C4h7KHtEb
Rebounder,,2g2HWripkxzRZDZJ4KTBSB
Dr. Dreammaker,,761jLrJ3YSvCWz7F0NPZJY
Mark Ronson,,3hv9jJF3adDNsBSIQDqcjp
Gnarls Barkley,,5SbkVQYYzlw1kte75QIabH
El Bogueto,reggaeton mexa,3S9Hg7sRKhmtWunFZ2yAYP
Travie McCoy,,7o9Nl7K1Al6NNAHX6jn6iG
Tiago PZK,argentine trap,5Y3MV9DZ0d87NnVm56qSY1
Jack Stauber,,1vVHevk2PD45epYnDi9CCc
Bootleg Rascal,surf rock,2cScEQkwCAObAfeFX4CYr4
Adam Buxton,children's music,1tELKM5wjfv7SlSNgVOdAq
Turf,argentine rock,0Zncosr79q01riJYbSBNA1
"Relaxing Jazz Music, Smooth Chill Dinner Background Instrumental Songs",smooth jazz,59eOuKBNSdDsyafIzAw0au
Rock Mafia,,4pzAvicKWenQtv9zIQim47
Snow Patrol,,3rIZMv9rysU7JkLzEaC5Jp
Sie7e,reggae en español,11wOrJLuakmQqTuhXXW2xz
Bruno Mars,,0du5cEVh5yTK9QJze8zA0C
Aerosmith,classic rock,7Ey4PD4MYsKc5I2dolUwbH
Aska Mill,,3mkmnTAqRXg1NysbtuFS5P
Residente,latin hip hop,5GcWBUX00IPuWVGMIRK1sS
Genesis,progressive rock,3CkvROUTQ6nRi9yQOcsB50
Miranda!,latin pop,2eEmsgWmUFMbtU7agJpnjY
Lily Allen,,13saZpZnCDWOI9D4IJhp1f
Two Feet,,5sWHDYs0csV6RS48xBl0tH
Prince Royce,bachata,3MHaV05u0io8fQbZ2XPtlC
The 502s,,4sIuoDOzSlBqeiNJl631zX
Eagle-Eye Cherry,,3ngKsDXZAssmljeXCvEgOe
Terapia Distópica,,5If2J9PEL5TTfOBCRlXz3j
Indila,french pop,0FEJqmeLRzsXj8hgcZaAyB
Sam Fender,,6zlR5ttMfMNmwf2lecU9Cc
Memphis La Blusera,argentine rock,55j4xUfI5AATqETp8AnrRp
Nothing But Thieves,,1kDGbuxWknIKx4FlgWxiSp
Phil Collins,soft rock,4lxfqrEsLX6N1N4OCSkILp
Pier,argentine rock,7E0i3aKAcm8iGK15QePkog
Ed Sheeran,soft pop,6eUKZXaKkcviH0Ku9w2n3V
CA7RIEL & Paco Amoroso,,6I8TDGeUmmLom8auKPzMdX
Camila,latin pop,2gRP1Ezbtj3qrERnd0XasU
MGMT,indie,0SwO7SWeDHJijQ3XNS7xEE
The Beatles,classic rock,3WrFJ7ztbogyGnTHbHJFl2
Sublime,reggae rock,0EdvGhlC1FkGItLOWQzG4J
Black Eyed Peas,,1yxSLGMDHlW21z4YXirZDS
Counting Crows,,0vEsuISMWAKNctLlUAhSZC
The Police,,5NGO30tJxFlKixkPSgXcFE
Axe Bahia,axé,2dn7slANEuZTGyraHIhEg0
Los Fabulosos Cadillacs,rock en español,2FS22haX3FYbyOsUAkuYqZ
Rachel Bay Jones,musicals,73sIMDrtvzFVs4Y1WkUpTd
Sean Kingston,,6S0dmVVn4udvppDhZIWxCr
Beéle,latin afrobeats,7a0XAaPaK2aDSqa8p3QnC7
The Verve,britpop,2cGwlqi3k18jFpUyTrsR84
Los Animalitos,argentine rock,6g8KkddnaonbNU6kpCtGzf
Laura Dreyfuss,musicals,5hqM93qFRmwRv3QGrLO0jK
Caesars,,4rGrN4XDYhP6dUAZMvcuHr
The Weeknd,,1Xyo4u8uXC1ZmMpatF05PJ
Citys Of Collides,,12h32e6YMBk03yUo8tySbQ
ChiChi Peralta,merengue,5GNSVtCq2hiXDx7jUA5Iou
Kygo,tropical house,23fqKkggKUBHNkbKtXEls4
Brulet,,7G6aArLOczEoXx0nHcA0iM
No Wyld,,4xM4nZLhGE0pMKbXA08s6A
Bizarrap,argentine trap,716NhGYqD1jl2wI1Qkgq36
Joaquín Sabina,trova,4aeIWo5CMF1uRmqgJdwkZW
Zaz,chanson,1mbgj8ERPs8lWi7t5cYrdy
Manuel Medrano,colombian pop,0i5iO6icb7kxg48thi9gBM
Surf Curse,indie,1gl0S9pS0Zw0qfa14rDD3D
Guasones,argentine rock,2wjmZuSHtRx96Qxb8HiP2o
Peter Bjorn and John,indie,6u11Qbko2N2hP4lTBYjX86
Una Noche en Bogotá,,7oWMrZIuTLI7j0ea7Rx8S8
Serú Girán,argentine rock,6CrQKZeuSKNYgrE7PeYqJ1
Inmigrantes,rock en español,5hkwobspQ4nluFwhOcv612
Diego Torres,latin pop,0LALueHEQunQ2d61fXGeZh
Divididos,argentine rock,6ZIgPKHzpcswB8zh7sRIhx
La Oreja de Van Gogh,latin pop,4U7lXyKdSf1JbM1aXvsodC
Catfish and the Bottlemen,indie,2xaAOVImG2O6lURwqperlD
TOTO,yacht rock,0PFtn5NtBbbUNbU9EAmIWF
The Vaccines,indie,0Ak6DLKHtpR6TEEnmcorKA
John Frusciante,,7rN3Agir6FaZNfhf5V7mfN
Red Hot Chili Peppers,funk rock,0L8ExT028jH3ddEcZwqJJ5
Cat Janice,,7kNpF2nj7eVgcVo8k6pWkz
The Flaming Lips,neo-psychedelic,16eRpMNXSQ15wuJoeqguaB
Rusted Root,jam band,2M3vnW1p5w4uPRkLYTbvdB
goodperro,,564x4Q5hL4tQjV6XYikn09
Gilberto Gil,mpb,7oEkUINVIj1Nr3Wnj8tzqr
Yann Muller,lounge,41HOzTOe9JNerhym1HWxti
Empire Of The Sun,,67hb7towEyKvt5Z8Bx306c
Zoe Gotusso,latin indie,3XBw8ImFEo86mEB2dYh0vS
The Rasmus,finnish rock,76ptJV8617638xrpeoUtzl
Michel Teló,sertanejo,1sDVuztNhGcetCLChkleDA
Luis Miguel,mariachi,2nszmSgqreHSdJA3zWPyrW
É O Tchan,axé,78oxdhJ0pr4Dkyk0paWUAf
João Lucas & Marcelo,sertanejo universitário,07qXCavgZGcwnfNHSvSPtG
Los Auténticos Decadentes,argentine rock,3HrbmsYpKjWH1lzhad7alj
Bossa Nova Covers,bossa nova,6lkrkVSqgzJZz2jguafSAy
Eddie Sierra,latin pop,4QILOFSgMcb9gUF8GEkD3V
Bill Withers,soul,1ThoqLcyIYvZn7iWbj8fsj
Passenger,folk pop,0gadJ2b9A4SKsB1RFkBb66
Coti,argentine rock,1OUDQLymoysITxprkd0Qvj
Carlos Baute,latin pop,3smfreCkyJt7bShaTYpG77
Blur,britpop,7MhMgCo0Bl0Kukl93PZbYS
Tainy,reggaeton,0GM7qgcRCORpGnfcN2tCiB
Letters to Lions,surf rock,3H19dUT6SMuMawC1sLwCpx
La Beriso,argentine rock,0Dy32zfSrQ332Bz8wsthKJ
Her's,indie,77mJc3M7ZT5oOVM7gNdXim
James Blunt,,7KMqksf0UMdyA0UCf4R3ux
Miami Sound Machine,,18xgcedCGxFbqLbIQn5R8F
Eslabon Armado,corridos tumbados,0XeEobZplHxzM9QzFQWLiR
Lully Hill,bossa nova,4CnQQJwzE4Hv2WDDVwLc8M
Myke Towers,reggaeton,7iK8PXO48WeuP03g8YR51W
Noise Chillantro,,5on19ok7di3nj6e4OEh5PU
Fabiana Cantilo,argentine rock,5R6YR0pasdxlynyq0Abq7x
Jeites,,6qRjJ8pFQAtjZiiR6bRRI0
The Lumineers,folk pop,16oZKvXb6WkQlVAjwo2Wbg
Athenas,catholic music,71IIrUaZMShJKwuwIZVVwu
Miike Snow,alternative dance,4l1cKWYW591xnwEGxpUg3J
The Smiths,new wave,3yY2gUcIsjMr8hjo51PoJ8
Fitz and The Tantrums,,4AcHt3JxKy59IX7JNNlZn4
EXO,k-pop,3cjEqqelV9zb4BYE3qDQ4O
Liam Gallagher,britpop,6sN51vEARnAAdBw1IKZ8Q9
The Jungle Giants,,6wFwvxJkurQPU2UdeD4qVt
Capital Cities,,4gwpcMTbLWtBUlOijbVpuu
Of Monsters and Men,folk pop,4dwdTW1Lfiq0cM8nBAqIIz
Maroon 5,pop,04gDigrS5kc9YWfZHwBETP
Electric Light Orchestra,art rock,7jefIIksOi1EazgRTfW2Pk
Simon Grossmann,latin indie,6t38N9HASTn9ca0PIxfReQ
Alex Marquez Oficial,worship,0mWEEdgUmHziltREUUbcAt
All Tvvins,,7F0pUx0AO9CXaNbCoxbbNX
Gwen Stefani,,4yiQZ8tQPux8cPriYMWUFP
Greta Van Fleet,rock,4NpFxQe2UvRCAjto3JqlSl
Nonpalidece,reggae en español,0W1EfnztQTHuv03MuMzWPe
Joze,argentine rock,259qApebOoC9k42UAqXea0
Phoenix,indie,1xU878Z1QtBldR7ru9owdU
Rauw Alejandro,reggaeton,1mcTU81TzQhprhouKaTkpq
Bruno Borlone,,3tDix7cw0fgoa5idDGJ6Wo
Jungle,,59oA5WbbQvomJz2BuRG071
Kali Uchis,,1U1el3k54VvEUzo3ybLPlM
Catupecu Machu,argentine rock,059ysTnWcrm4yFwTr0NDjc
Roze Oficial,rkt,2Hxu0Wmd7FUm0euCVInVrN
Alejandro Sanz,latin pop,5sUrlPAHlS9NEirDB8SEbF
La Vela Puerca,argentine rock,6nVcjUJemqpJjc1WevwTvL
Wavelab,,7AbQo3tDp5SYr5ctDcNC21
Sérgio Mendes,brazilian jazz,65c5si0ePAwkOCn4M35Ho7
Chino & Nacho,merengue,5NS0854TqZQVoRmJKSWtFZ
Macaco,reggae en español,7mUBMaZW1MXGswaneb0JTT
Sam Smith,soft pop,2wY79sveU1sp5g7SokKOiI
Lo' Pibitos,candombe,7f4QZ3v32jtmstrh7VHfJL
Romina Marroquín Payró,,5f0gcyyPRCUTePOs4YRT5Y
Callinsick,,05I6krIHdVi1OFeF5ShrNb
Rachu Resiliencia,indie punk,59cO5w2UdvTFrGgawbSeSa
GROUPLOVE,indie,3kVUvbeRdcrqQ3oHk5hPdx
Pentadecimal,,6N70t9WnJfxcRSzxMmFF1R
Dillom,argentine trap,4cJD9t5QBFTUQcd3xfbOb2
El Kuelgue,argentine rock,6jRUKVZllu1wtgXHbqvUmT
Maxi Trusso,,1V7tGmh5DDSNE0VsUcorJL
Disko Junkie,disco house,0E3yCtI9D8vUfIIWDOO7zP
La Sonora Dinamita,cumbia,13or1Wf6ipcvSIiurZATvw
Justice,french house,1gR0gsQYfi6joyO1dlp76N
No Doubt,,0cQbJU1aAzvbEmTuljWLlF
Jason Mraz,soft pop,4phGZZrJZRo4ElhRtViYdl
Izzie,,2koJktD5DLx0aJBUpVpX0I
Tchakabum,axé,7iJl63aJyNd8C6NZlMv6kp
Ratones Paranoicos,argentine rock,5fVtUielMhdztOA34ArB6c
Royal Blood,garage rock,2S5hlvw4CMtMGswFtfdK15
Kyle Sparkman,,38HHAoD3GTvA78R8KmjMrW
Duncan Laurence,,3klZnJvYGIbWritVwQD434
Michael Park,musicals,2fPpoCU3oYJkQERSp1nXY2
Recordings From Earth,,3ZQb2yyHzgU02WZWbMOnyU
MC's Zaac,brazilian funk,13ySOy7rghkjVk5f5ChBW8
Björk,art pop,7w29UYBi0qsHi5RTcv3lmA
Los Tipitos,argentine rock,1SykQGBiBwkQ1fcGpJ1BJt
Brunico,,7DsRXrSbtE3BnNhwRc0Izn
Two Door Cinema Club,indie,536BYVgOnRky0xjsPT96zl
ROSALÍA,latin,7ltDVBr6mKbRvohxheJ9h1
The K's,,6DlKk9ibc9dCgvyNPGNXdH
The Moving Stills,surf rock,5MXKeoHi08yq7nnRNe3t4w
Pacific Avenue,surf rock,0I31FkQFn7gxEVAsWGNjvZ
Sarah Menescal,bossa nova,4DpQLwz0jhUU7wuT9phTlD
Xella Machina,,66uHiAJ1D3MCLQmX9xYJqI
Bon Iver,,4LEiUm1SRbFMgfqnQTwUbQ
Sting,soft rock,0Ty63ceoRnnJKVEYP0VQpk
Ruth B.,,2WzaAvm2bBCf4pEhyuDgCY
Portishead,trip hop,6liAMWkVf5LH7YR9yfFy1Y
Sueño Tsunami,latin indie,3t3BhxRxSzyOBq9vQKKWr6
Milo j,argentine trap,19HM5j0ULGSmEoRcrSe5x3
Green Day,punk,7oPftvlwr6VrsViSDV7fJY
Taburete,,40Ippe6JeofRURQ4nbF8DT
DEGrande,,01vtihVej8MCPiDog4X3cy
Franz Ferdinand,indie rock,0XNa1vTidXlvJ2gHSsRi4A
Oasis,britpop,2DaxqgrOhkeH0fpeiQq2f4
Fontane,,1i5yd57RUIKncQmCoy9NjW
Romaric,,3e6u95VEoeFpZKbDISofWC
Pescado Rabioso,argentine rock,3q1NXsv9XypOUCJfEatXH9
Blues Motel,argentine rock,2VD4qhDrH6pU7dbaK9nuni
Portugal. The Man,,4kI8Ie27vjvonwaB2ePh8T
The Backseat Lovers,,6p2HnfM955TI1bX34dkLnI
X Ambassadors,,3NPpFNZtSTHheNBaWC82rB
Los Pericos,reggae en español,7FnZWGw9lwOr7WzieTKEPR
Miguel Mateos - Zas,rock en español,3YG18nhGaJkR1F6VpcnSG6
All He Tano Faz,,2VafYEIwuCCTlnRzrXSU7W
Broken Bells,,6dgwEwnK0YtDfS9XhRwBTG
Gorillaz,,3AA28KZvwAUcZuOKwyblJQ
Madness,ska,4AYkFtEBnNnGuoo8HaHErd
Pappo's Blues,argentine rock,59dLJG3ZVwkMZLFKByQCJB
Bruce Springsteen,,3eqjTLE0HfPfh78zjh6TqT
Bacilos,colombian pop,1mux8L6xg2Cmrc7k0wQczl
Navío Prisma,,3DNw0d1FJuIPAI7iPYUoCt
Cazzu,argentine trap,6w3SkAHYPsQ1bxV7VDlG5y
Bunbury,rock en español,4uqzzJg3ww5eH7IgGV7DMT
Florence + The Machine,baroque pop,1moxjboGR7GNWYIMWsRjgG
Eliminar,,5s1Y0J4ZWpBzj3OO0NKpuy
MAGIC!,,0DxeaLnv6SyYk2DOqkLO8c
Kilo Herz,,1cDJHAhR1MlgitRpErRmzL
Andrés Calamaro,argentine rock,3tAICgiSR5PfYY4B8qsoAU
Gusttavo Lima,sertanejo,7MiDcPa6UiV3In7lIM71IN
Tan Bionica,argentine rock,37MCoi4pcUf9EKsPXeuCqU
Rels B,trap latino,2IMZYfNi21MGqxopj9fWx8
Still Woozy,bedroom pop,4iMO20EPodreIaEl8qW66y
Axel,,32x1uogH2zajP85pzZAtuE
Toploader,,6xeFne1rkxMhKSW3ipvkdV
BØRNS,,1KP6TWI40m7p3QBTU6u2xo
Juanes,latin pop,0UWZUmn7sybxMCqrw9tGa7
Federico Kempff,post-punk,48H3wHKP0TTL2Rt1rOJ4bW
MIKA,,5MmVJVhhYKQ86izuGHzJYA
Queen,classic rock,1dfeR4HaWDbWqFHLkxsg1d
Franz Schubert,chamber music,2p0UyoPfYfI76PCStuXfOP
Los Piojos,argentine rock,0SnyKkoyBaB2fG8IJH4xmU
Juan Freer,corrido,0a9vSkyCTnB36E2iZbRVtl
Fanny Lu,colombian pop,6GRC8segVAr34gm6pjfSoQ
Taylor Swift,,06HL4z0CvFAxyc27GXpf02
Linxes,latin indie,6dk5stiRd8YEY9knhBEUhx
Filhos De Jorge,axé,2V9RQWP2Dk6IEauL7D14vE
La Bomba de Tiempo,candombe,2kzyHS3WRPwclRl5gsydu8
Chayanne,latin pop,1JbemQ1fPt2YmSLjAFhPBv
Lewis Capaldi,soft pop,4GNC7GD6oZMSxPGyXy4MNB
Weezer,alternative rock,3jOstUTkEu2JkjvRdBA5Gu
Viejas Locas,argentine rock,7wTu5u7W3kc9Id5JAvSAFV
Jesse & Joy,latin pop,1mX1TWKpNxDSAH16LgDfiR
Seal,,5GtMEZEeFFsuHY8ad4kOxv
Kaiser Chiefs,britpop,0LbLWjaweRbO4FDKYlbfNt
Muse,alternative rock,12Chz98pHFMPJEknJQMWvI
Arctic Monkeys,indie,7Ln80lUS6He07XvHI8qqHH
No Te Va Gustar,argentine rock,4ZDoy7AWNgQVmX7T0u0B1j
Guaynaa,reggaeton,0BqURncJM5B1BBu7UM51eq
Indios,latin indie,49ynGmq4dpplOn1Rsiejfp
Bertt Que,,5qNqYfocxlYpB3uATOHEXJ
Hillsong en Español,christian,3phVKYqeq84Ai91CHTQfNq
Orishas,latin hip hop,2gKYxTUOqw9aPt7ljMwSHT
Natalia Lafourcade,latin folk,1hcdI2N1023RvSwLzTtdsp
El Reino Infantil,lullaby,6EMoWayH9WulC8F8b6m3BH
Kakkmaddafakka,,4HV7yKF3SRpY6I0gxu7hm9
The Kooks,indie,1GLtl8uqKmnyCWxHmw9tL4
Natalie Imbruglia,,0dlOr0VIysztGWvU1dpjmP
Delaossa,,5Uox3n7m4W2CoM9MmHPJwQ
Circa Waves,indie,6hl5k4gLl1p3sjhHcb57t2
Ella Es Tan Cargosa,argentine rock,2fGM1BtKeCWjnriro6BaPS
Likko Sol,,2Or8PQp1nSscZ2gnIkx17E
Árbol,argentine rock,6OO01j5rLKCyPg4i3FuzIT
João Bosco & Vinícius,sertanejo,7zIRO89G0FBAQtGMHO1Wa0
Rex Orange County,bedroom pop,7pbDxGE6nQSZVfiFdq9lOL
Ramiro Pietropaolo,,12hoFPPpSmeHM4aSQatsZh
Gorux,,6RqHqE3HSYAituSVyLThkI
Los Enanitos Verdes,rock en español,4TK1gDgb7QKoPFlzRrBRgR
Train,soft pop,3FUY2gzHeIiaesXtOAdB7A
filous,tropical house,2IjiuEObrCKyZvSb8xLxG9
Callejeros,argentine rock,2osoVujXgV0PA8lhqDKYFw
Sebastian Guerschuny,,6ie0d5D1D2PBqzhUExEplY
ACRU,latin hip hop,0bYQe0JDIjxkSHQoXlfngl
The Snuts,indie,4AzAfQNuAyKOFG4DZMsdAo
Atmosphere of Calm,,42KcSR239KEB90nE0wzA09
NEIL FRANCES,indie soul,587PA35pRGL1JwQr6idJbb
Dessu,mexican indie,49wqLYFVfLPKY9qO12ZoAs
Bersuit Vergarabat,argentine rock,6MxyNXnnmwQwdW2PD0gXYO
The Clear Mind,,17poofi2R6BSgWBubaEbGs
Tai Verdes,,2kCO8LXN1usaOPL3iEE28I
Medrana,,4TLEKuWT4t2sgAAsIwkJl6
Pacifica,,4YcQuAswXPWdO2WAxTRXse
El sueño del ciego,,6SfvDqhgUkNx1Z5H8vXWDv
Jay King,,2tmpR1Cuq6rOUj7ZiYIt5n
Cassian,melodic techno,1ChtRJ3f4rbv4vtz87i6CD
Carmen Sarahi,,2q8I4WTdPTd07a0IsKLch7
Milky Chance,,1hzfo8twXdOegF3xireCYs
Cristian Castro,latin pop,2AZOALDIBORfbzKTuliwdJ
Playing For Change,,645m90txZTycwJGdZTWscc
MC Kevinho,brazilian funk,1mXAhKnZEdF6rotyyd4GBi
Natasha Bedingfield,,7o95ZoZt5ZYn31e9z1Hc0a
Ro Ransom,,5tLx2xpkiHdzvX9CIymCfR
Reality Sound,,34yGVl5CKVdhqRost8UeJ1
Matt-Felix,,4T052xBzxDNV7ytuTFysnu
Snoop Dogg,g-funk,7hJcb9fa4alzcOq3EaNPoG
Vilma Palma e Vampiros,rock en español,5VQCk9RiLwri99OgOT34kq
Paolo Nutini,,7x5rK9BClDQ8wmCkYAGsQp
Taekoma,,2T7PXFO7TnyryQ8dvpD9Di
Hockey Dad,surf rock,1GJ1uwDfaA8GVVpVc2I2d2
Los Cocoa,,16nss8D4fSP84Jci370KXV
Michael Jackson,,3fMbdgg4jU18AjLCKBhRSm
The Cure,new wave,7bu3H8JO7d0UbMoVzbo70s
Saint Motel,,1dWEYMPtNmvSVaDNLgB6NV
Lago Robot,,5G44saxO6GUFnbJwwAHPEF
Papa Roach,nu metal,4RddZ3iHvSpGV4dvATac9X
John Mayer,singer-songwriter,0hEurMDQu99nJRq8pTxO14
Mancha De Rolando,argentine rock,4DuhYdfd2jHMdaqYVYZp04
Amy Macdonald,,1hJuGCUpefX24GFmss9bjH
Rio Branco,bossa nova,3n4PootMSIDqpViSB9SA1D
Paul Cless,,6KnLzK5qtwkJvihcSZsnqr
Rata Blanca,rock en español,632M26jlmnCrL8CqD5i7Kd
Bastille,,7EQ0qTo7fWT7DPxmxtSYEc
Terra Samba,axé,6cUxFmglW7PeSS5dKaWOtP
Las Pastillas del Abuelo,argentine rock,0D5U7oXEE4dut2DPyUDLca
Beastie Boys,rap rock,03r4iKL2g2442PT9n2UKsx
"Baby, no one's home",,6czIq9geczGfArIZUEQoaL
Hippie Sabotage,,4dM6NDYSfLcspt8GLoT5aE
The Hives,garage rock,4DToQR3aKrHQSSRzSz8Nzt
Estelares,argentine rock,6Nm62oNQCdPxVoiQtFSksF
The Royal Concept,,7LAucJAvbQa7ZIA0qP8YI2
Cruzando El Charco,argentine rock,4STEdt6oH8RopaxpfWrO5Z
El Plan De La Mariposa,argentine rock,3LY3yBRRL9yxCZxaxkdUir
Waves Of Time,,5doCIxxFrIe9mTSjcGKmQd
Marconi Union,ambient,3nZ3ed6p4CKc1McTLypr6H
Billy Joel,soft rock,6zFYqv1mOsgBRQbae3JJ9e
Kevin Johansen,latin folk,7qjoG7bwhAjSd7nJTcjgAk
Bobby Caldwell,yacht rock,4V4Z3qMCwYofWHtip6ePF6
Bad Bunny,reggaeton,4q3ewBCX7sLwd24euuV69X
Lime Cordiale,surf rock,6yrtCy4XJHXM6tczo4RlTs
The Griswolds,,3nUbzTTtP2w4HqvT5y5vkV
Peaceful Melody,lo-fi,6piO5Ac23WJnRQifD42dfv
Kool & The Gang,disco,3VNITwohbvU5Wuy5PC6dsI
Attaque 77,argentine rock,5rI6C5mJm6GYXbGHhpHTu9
The Fray,,0zOcE3mg9nS6l3yxt1Y0bK
Usted Señalemelo,latin indie,1a1v0OJC5GqtsLwzoqJm7j
Canserbero,latin hip hop,1wGIhYkKWSq4yACtTkCkSX
boy pablo,bedroom pop,7wbkl3zgDZEoZer357mVIw
Israel Kamakawiwo'ole,,4ogvuDRerGhZfSf7TtzHlr
Riddim,reggae en español,4nrP6H78NuKzQr9bQxAFVk
Babasonicos,argentine rock,2F9pvj94b52wGKs0OqiNi2
*NSYNC,,6Ff53KvcvAj5U7Z1vojB5o
Conociendo Rusia,latin indie,79R7PUc6T6j09G8mJzNml2
The Marías,bedroom pop,2sSGPbdZJkaSE2AbcGOACx
Keane,,53A0W3U0s8diEn9RhXQhVz
Los Nocheros,folklore argentino,2ydE5oBt6cwsDxH1TpIFmO
The Black Keys,blues rock,7mnBLXK823vNxN3UWB7Gfz
LOUTA,argentine trap,5l4GdLELvdnXZVT5g947i3
Ciro y los Persas,argentine rock,2Eo4Yaukt9d6dnZrY5hQKi
Jack Johnson,surf rock,3GBPw9NK25X1Wt2OUvOwY3
Blossoms,indie,22RISwgVJyZu9lpqAcv1F5
Mild High Club,neo-psychedelic,5J81VungUjSVHxlPpTI9KG
Gauchito Club,latin indie,58gIcdW6E0jd0846aI1sVj
Lonely God,,6pF6MN603wSrisJcf7HS5v
Glee Cast,christmas,0SCbttzoZTnLFebDYmAWCm
Britney Spears,pop,26dSoYclwsYLMAKD3tpOr4
Foster The People,,7gP3bB2nilZXLfPHJhMdvc
Supergrass,britpop,0sHeX8oQ6o7xic3wMf4NBU
Fidel Nadal,reggae en español,7l2wptrNdI4wEHxTlWa6SS
Sampling Specialists,,7199IIJK2wW5yNXTaZtYmI
Camilo,colombian pop,28gNT5KBp7IjEOQoevXf9N
The Strokes,garage rock,0epOFNiUfyON9EYx7Tpr6V
Nicki Nicole,argentine trap,2UZIAOlrnyZmyzt1nuXr9y
Bakermat,tropical house,3MyFDtqB80WZvbtCZRsekM
Sound Carrie,,6VSLsTLt5SnJSaiKVwHSKn
Sticky Fingers,surf rock,3ZGr7nQBXDU2WhyXgRVbt0
Companhia do Pagode,axé,31lKYX3dReQS1XXQtFsmDt
Shag Rock,surf rock,0SJxTOELZJa2Cf19TjNEfm
MC L da Vinte,brazilian funk,0lHB0Qc4pmD5RkTLlHeESo
Nito Mestre,argentine rock,46JHFFEjLKbXhMQsU5vSGm
Foals,indie,6FQqZYVfTNQ1pCqfkwVFEa
Timbalada,axé,1Da4NyNC4CLayaNGGmL9uZ
Jorge Drexler,trova,4ssUf5gLb1GBLxi1BhPrVt
Dayglow,indie rock,6eJa3zG1QZLRB3xgRuyxbm
The Wombats,indie,0Ya43ZKWHTKkAbkoJJkwIB
Mercedes Sosa,trova,2HvyR5FsU37QMqVzIbGwl7
No Vacation,bedroom pop,32zeX1IoVKAGWMyy1isKUq
Jamiroquai,acid jazz,6J7biCazzYhU3gM9j1wfid
Los Nota Lokos,rkt,76iFMHDqONZusQlTu2ckKQ
Lavender Balm,,4N8OrA1MLAkEU05eVyYyFa
Titan Pulse,,2LxEiPDLSX3rxS0VYnqaIY
Hum Humming,,4Pv75nATrtWwA5uYCDvxYF
Soda Stereo,rock en español,7An4yvF7hDYDolN4m5zKBp
Inkie,,70vyFZzRbineUE9fQILJYq
Asana Ventus,,3D8uKbNS9NX6q57gX9b08V
Mike Faist,musicals,3OPl8pWnz8rdYTiaNQ0eMv
Pablo Cepeda,bossa nova,1uj8EOCKAXn4w2TR7CVnQb
Cumbia rocha,cumbia,5Szju6DGR9hcbFOJeXCN0x
Backstreet Boys,,5rSXSAkZ67PYJSvpUpkOr7
The FO's,,594dFaDdAeBqmtRqGKKo4h
mustbejohn,uk garage,5hgZ7PGI0EM2UfiWAIKdFc
El Niño de la Hipoteca,singer-songwriter,3Znu3IpegNZzamLA9vRsE0
Corella,,5LoyxydilSHtcohX3rSRXe
Ziggy Alberts,folk pop,6tuPdaFPIytg3l2f51L7Hw
Hormonental,,04vpuXDmz03XLF53WTsbXE
Reynaldo FM,,7stNpkCSMje6jC7pIxppFR
Creedence Clearwater Revival,classic rock,3IYUhFvPQItj6xySrBmZkd
Tobiah Frei,alté,1hqQ69HmawimUpu85TjODs
Vance Joy,folk pop,10exVja0key0uqUkk6LJRT
San Cisco,,0Ou0138wEd8XWebhc4j7O0
Talk Talk,new wave,7Fo8TAyGJr4VmhE68QamMf
Razorlight,britpop,450iujbtN6XgiA9pv6fVZz
The Temper Trap,,4W48hZAnAHVOC2c8WH8pcq
Noizu Deluxe,,11OG3LRKgXcTxtDxqkYbH0
Salvapantallas,latin indie,1VZQhmsaBc4voNvRGvFUgK
Calle 13,latin hip hop,0yNSzH5nZmHzeE2xn6Xshb
Triángles,,6o6YSy8gJUvzLNFr9uMHOr
Massive Attack,trip hop,6FXMGgJwohJLUSr5nVlf9X
Tame Impala,neo-psychedelic,5INjqkS1o8h1imAzPqGZBb
Dream Son,,6Tl4693vgmUKDblSuqOKoo
NatuREM,,03eX3RX46RbMeY7FA8xF99
Alicia Keys,r&b,3DiDSECUqqY1AuBP8qtaIa
Scientists of Noise,,14XJ27kUY0HXLJFApJBHRA
Los Rodriguez,latin rock,3XkJyJgJDxnjdQgH0zfT8K
Kapanga,argentine rock,2MLiASzGQHVMyORIApRGsp
Callejero Fino,rkt,6GRwwWAtmusrgAL5JF9Dfr
Joan Manuel Serrat,trova,1t7t8q4zoYHp22JLIx3FM7
Cuba Cuba,cha cha cha,6tIqzhdC2Xo1MRrmqDxMg8
Jaime Urrutia,,21gW1NJCe2sHZ485DBDNlb
Miles Kane,baroque pop,3M0H4efyA5YcijrKlaKbYn
The Last Shadow Puppets,baroque pop,2Z7UcsdweVlRbAk5wH5fsf
Bob Moses,,6LHsnRBUYhFyt01PdKXAF5
Los Cafres,reggae en español,2ST5XwWB4uXGKk2NXP8DUI
Fito Paez,argentine rock,1bZNv4q3OxYq7mmnLha7Tu
MC Bruninho,brega funk,3shPgAzHMyRwWOkXeoWKeB
Bob Sinclar,french house,5YFS41yoX0YuFY39fq21oN
fun.,,5nCi3BB41mBaMH9gfr6Su0
Michael Bublé,christmas,1GxkXlMwML1oSg5eLPiAz3
Powfu,,6bmlMHgSheBauioMgKv2tn
Noise Library,,1wFEHvHdcbuWVxo6reRywR
La Renga,argentine rock,30fEdZPXgWfC4sNttcyB3C
Poncho,electropop,4ADdzb8h9qQTE8XPmSxY8r
Jake Bugg,,4hf3caW9H8uFwwbv5pFjcg
Chano,argentine rock,14lvrkdaXxggonwjKZpePM
Indio Solari,argentine rock,0nUGkxUncFeXt0Dr0hhrc4
Ruben Rada,candombe,5AfGpwSbYKelc5nJjUVRmb
Maria Becerra,argentine trap,1DxLCyH42yaHKGK3cl5bvG
Vansire,bedroom pop,6ft7JnxMyZhp7N52qzHymY
Marcela Mangabeira,bossa nova,4H5EtQdvxwz7wEGNlguKAg
Irasema Terrazas,,1lLbqV8uwF5D9MK8w4im3j
Carlos Vives,colombian pop,4vhNDa5ycK0ST968ek7kRr
Libronics,,3aRPewMsLWgCfDyogfVWja
Juan Luis Guerra 4.40,merengue,3nlpTZci9O5W8RsNoNH559
Donna Murphy,,5BuTOT6mPoNZ5EmaPheBI9
CUERO,,7ANFpDZMOEak6T457qZ1xh
Julio Iglesias,bolero,4etuCZVdP8yiNPn4xf0ie5
Dick Dale & His Del-Tones,surf rock,7J77vP6EbI63lB3snZeRj4
Stealth,,6f3R3mqKR3kHp1KBNMUn80
Dani Ribba,argentine trap,6cC67GpmPCjQjOYLpmOGhN
Billie Eilish,,6qqNVTkY8uBg9cP3Jd7DAH
Neo Pistea,argentine trap,01m2XZ7m7rAz6KY3scTdaV
Royel Otis,indie,5b5bt4mZQpJMoCRbiQ7diH
George Ezra,,2ysnwxxNtSgbb9t1m2Ur4j
Abel Pintos,folklore argentino,6HTUcOExehqydqa7C3usAa
The Manatees,,2cWGltn2fZoaAiIhuQyw5h
Zenon Pereyra,latin indie,73lBjMjlN5WczHNWLIIVee
SUN SILVA,,5f84MJAiHgRVmGpDOQI1fU
Danna Paola,,5xSx2FM8mQnrfgM1QsHniB
Wunderhorse,,41pd7r1XBRsvdxY3vHEgib
Joao Das Nieves,,55C96KjkobyMrlzfgP7vJd
John Travolta,musicals,4hKkEHkaqCsyxNxXEsszVH
Everybody Loves an Outlaw,,5RCWMaArEntbkeWYVxCiFW
Illya Kuryaki & The Valderramas,rock en español,2Rc3Tb5XUPF1YlnQwuPgjg
Trueno,argentine trap,2x7PC78TmgqpEIjaGAZ0Oz
Jósean Log,mexican indie,1LMyTeRhjaitILs98h3MaF
The xx,,3iOvXCl6edW5Um0fXEBRXy
Baby Keem,,5SXuuuRpukkTvsLuUknva1
Beach Fossils,dream pop,1bwUhKRmEkOZ1wuTnV9XjC
Imagine Dragons,,53XhwfbYqKCa1cC15pYq2q
Patricio Rey y sus Redonditos de Ricota,argentine rock,6byQKddO1b34lXC2ZEjehQ
Dire Straits,classic rock,0WwSkZ7LtFUFjGjMZBMt6T
George Michael,,19ra5tSw0tWufvUp8GotLo
Balu Brigada,,6O9vGMmTwzihULICPCsNf2
J. Cole,rap,6l3HvQ5sa6mXTsMTB19rO5
Aum Balti,,0Tvw6JStyvQslAwq4tkfvE
Talking Heads,new wave,2x9SpqnPi8rlE9pjHBwmSC
Twenty One Pilots,,3YQKmKGau1PzlVlkL1iodx
Adrián Berra,candombe,3w9xEAItKEIFjQoR88mtsO
Maná,rock en español,7okwEbXzyT2VffBmyQBWLz
Crystal Fighters,,75EZuo5MHV2572NRpMWotC
Cage The Elephant,,26T3LtbuGT1Fu9m0eRq5X3
The Skinner Brothers,,4PY51S3HuOMhnZA0Sx8FRN
State of Waves,,1qC3nE1aPdL2nJ41op52RY
The Killers,alternative rock,0C0XlULifJtAgn6ZNCW2eu
Julieta Venegas,latin pop,2QWIScpFDNxmS6ZEMIUvgm
LAZY GHOST,surf rock,46tdza9HtvQ3nCEU7LRTKz
The Fratellis,,3M4ThdJR28z9eSMcQHAZ5G
Discotron,nu disco,3kxReOjCeEoZxRo80bAHFf
hard life,,7uwY65fDg3FVJ8MkJ5QuZK
